image_id,split,background,source_image,source_counting_mask,pseudo_binary_mask,pseudo_instance_mask,review_overlay,height,width,n_annotations,n_nonempty_masks,n_auto_candidates,n_needs_review,foreground_pixels
1000,validation,bright,preprocessed_intensity_sigma040/local_flatfield/bright/1000.png,processed_plate_strategy_b_circle/counting_mask/bright/1000.png,pixel_ground_truth_workspace/pseudo_masks/binary/validation/bright/1000.png,pixel_ground_truth_workspace/pseudo_masks/instance/validation/bright/1000.png,pixel_ground_truth_workspace/review_overlays/validation/bright/1000.png,2048,2048,4,4,2,2,26323
1001,train,bright,preprocessed_intensity_sigma040/local_flatfield/bright/1001.png,processed_plate_strategy_b_circle/counting_mask/bright/1001.png,pixel_ground_truth_workspace/pseudo_masks/binary/train/bright/1001.png,pixel_ground_truth_workspace/pseudo_masks/instance/train/bright/1001.png,pixel_ground_truth_workspace/review_overlays/train/bright/1001.png,2048,2048,3,3,2,1,12243
1002,train,bright,preprocessed_intensity_sigma040/local_flatfield/bright/1002.png,processed_plate_strategy_b_circle/counting_mask/bright/1002.png,pixel_ground_truth_workspace/pseudo_masks/binary/train/bright/1002.png,pixel_ground_truth_workspace/pseudo_masks/instance/train/bright/1002.png,pixel_ground_truth_workspace/review_overlays/train/bright/1002.png,2048,2048,151,151,100,51,384660
1003,test,bright,preprocessed_intensity_sigma040/local_flatfield/bright/1003.png,processed_plate_strategy_b_circle/counting_mask/bright/1003.png,pixel_ground_truth_workspace/pseudo_masks/binary/test/bright/1003.png,pixel_ground_truth_workspace/pseudo_masks/instance/test/bright/1003.png,pixel_ground_truth_workspace/review_overlays/test/bright/1003.png,2048,2048,2,2,2,0,9721
1004,train,bright,preprocessed_intensity_sigma040/local_flatfield/bright/1004.png,processed_plate_strategy_b_circle/counting_mask/bright/1004.png,pixel_ground_truth_workspace/pseudo_masks/binary/train/bright/1004.png,pixel_ground_truth_workspace/pseudo_masks/instance/train/bright/1004.png,pixel_ground_truth_workspace/review_overlays/train/bright/1004.png,2048,2048,1,1,0,1,1091
1005,train,bright,preprocessed_intensity_sigma040/local_flatfield/bright/1005.png,processed_plate_strategy_b_circle/counting_mask/bright/1005.png,pixel_ground_truth_workspace/pseudo_masks/binary/train/bright/1005.png,pixel_ground_truth_workspace/pseudo_masks/instance/train/bright/1005.png,pixel_ground_truth_workspace/review_overlays/train/bright/1005.png,2048,2048,73,73,73,0,38578
1006,train,bright,preprocessed_intensity_sigma040/local_flatfield/bright/1006.png,processed_plate_strategy_b_circle/counting_mask/bright/1006.png,pixel_ground_truth_workspace/pseudo_masks/binary/train/bright/1006.png,pixel_ground_truth_workspace/pseudo_masks/instance/train/bright/1006.png,pixel_ground_truth_workspace/review_overlays/train/bright/1006.png,2048,2048,4,4,4,0,30221
1007,train,bright,preprocessed_intensity_sigma040/local_flatfield/bright/1007.png,processed_plate_strategy_b_circle/counting_mask/bright/1007.png,pixel_ground_truth_workspace/pseudo_masks/binary/train/bright/1007.png,pixel_ground_truth_workspace/pseudo_masks/instance/train/bright/1007.png,pixel_ground_truth_workspace/review_overlays/train/bright/1007.png,2048,2048,6,6,6,0,3835
1008,test,bright,preprocessed_intensity_sigma040/local_flatfield/bright/1008.png,processed_plate_strategy_b_circle/counting_mask/bright/1008.png,pixel_ground_truth_workspace/pseudo_masks/binary/test/bright/1008.png,pixel_ground_truth_workspace/pseudo_masks/instance/test/bright/1008.png,pixel_ground_truth_workspace/review_overlays/test/bright/1008.png,2048,2048,102,101,63,39,510422
