image_id,annotation_id,instance_id,split,background,class_name,object_type,source_image,source_counting_mask,x,y,width,height,crop_x,crop_y,crop_width,crop_height,review_status,selected_method,used_single_method_fallback,n_methods_nonempty,mean_pairwise_iou,mean_component_score,confidence,mask_area,mask_area_ratio_to_box,mask_rectangularity,full_box_like,otsu_component_score,otsu_threshold,otsu_nonempty,adaptive_component_score,adaptive_threshold,adaptive_nonempty,adaptive_component_area,adaptive_component_area_ratio,adaptive_component_overlap_inside,adaptive_component_box_coverage,adaptive_component_center_distance,adaptive_component_bbox_iou,adaptive_component_touches_crop,sauvola_component_score,sauvola_threshold,sauvola_nonempty,sauvola_component_area,sauvola_component_area_ratio,sauvola_component_overlap_inside,sauvola_component_box_coverage,sauvola_component_center_distance,sauvola_component_bbox_iou,sauvola_component_touches_crop,otsu_component_area,otsu_component_area_ratio,otsu_component_overlap_inside,otsu_component_box_coverage,otsu_component_center_distance,otsu_component_bbox_iou,otsu_component_touches_crop
1008,99_01,99,test,bright,P.aeruginosa,other,preprocessed_intensity_sigma040/local_flatfield/bright/1008.png,processed_plate_strategy_b_circle/counting_mask/bright/1008.png,830,137,95,94,816,123,123,122,needs_review,sauvola,True,3,0.0,0.4885759683996902,0.44543038735987606,1807,0.20235162374020157,0.39679402722880985,False,0.5021728393988174,0.326171875,True,0.437732649495025,0.13294029235839844,True,90.0,0.010078387458006719,0.9555555555555556,0.009630459126539754,0.9883701061875907,0.016010673782521682,0.0,0.5258224163052281,0.11042798310518265,True,2236.0,0.2503919372900336,0.8076923076923077,0.20223964165733482,0.3193836673357209,0.4518540089303048,1.0,47.0,0.005263157894736842,1.0,0.005263157894736842,0.6002890574143972,0.008958566629339306,0.0
1008,62_02,62,test,bright,P.aeruginosa,other,preprocessed_intensity_sigma040/local_flatfield/bright/1008.png,processed_plate_strategy_b_circle/counting_mask/bright/1008.png,1511,314,186,185,1483,286,242,241,needs_review,adaptive,True,3,0.0,0.5141766354530087,0.4556706541812035,1976,0.05742516710258646,0.29925791306981675,False,0.5291824239452665,0.380859375,True,0.5419300521994715,0.1577441394329071,True,1938.0,0.05632083696599826,1.0,0.05632083696599826,0.6985972361488495,0.1918918918918919,0.0,0.4714174302142881,0.13150662183761597,True,330.0,0.00959023539668701,1.0,0.00959023539668701,0.8591903471299248,0.026852659110723626,0.0,308.0,0.008950886370241209,1.0,0.008950886370241209,0.5775822818331383,0.22267323861988983,0.0
1008,98_01,98,test,bright,P.aeruginosa,other,preprocessed_intensity_sigma040/local_flatfield/bright/1008.png,processed_plate_strategy_b_circle/counting_mask/bright/1008.png,887,117,87,86,874,104,113,112,needs_review,consensus,False,3,0.004338394793926247,0.5215780422231909,0.46014965506715055,23,0.003074044373162256,0.6388888888888888,False,0.4685179539627068,0.326171875,True,0.5178458315747163,0.14713475108146667,True,103.0,0.013766372627639668,1.0,0.013766372627639668,0.5409158176220495,0.026062550120288693,0.0,0.5783703411321496,0.12251182645559311,True,2151.0,0.28748997594226144,0.8210134821013482,0.2360331462175889,0.13632150375911062,0.435,1.0,16.0,0.0021384656508954825,1.0,0.0021384656508954825,0.825901393474196,0.0032076984763432237,0.0
1008,76_01,76,test,bright,P.aeruginosa,other,preprocessed_intensity_sigma040/local_flatfield/bright/1008.png,processed_plate_strategy_b_circle/counting_mask/bright/1008.png,1416,758,204,202,1385,727,266,264,needs_review,consensus,False,3,0.0005447131696081179,0.5252317127602949,0.4602833347134808,70,0.001698699281692875,0.0707070707070707,False,0.5179160050431414,0.09380362182855606,True,0.5604001410943161,0.09709490090608597,True,62.0,0.0015045622209279752,1.0,0.0015045622209279752,0.15307873545455508,0.0036400698893418754,0.0,0.497378992143427,0.07787643373012543,True,70217.0,1.703965249466123,0.6100516968825214,1.0395068918656571,0.00687289764753556,0.5868079289131921,1.0,8.0,0.00019413706076490002,1.0,0.00019413706076490002,0.453947800845823,0.00038827412152980003,0.0
1008,15_02,15,test,bright,P.aeruginosa,other,preprocessed_intensity_sigma040/local_flatfield/bright/1008.png,processed_plate_strategy_b_circle/counting_mask/bright/1008.png,453,1663,105,104,437,1647,137,136,needs_review,consensus,False,3,0.0002754820936639118,0.5379578891952808,0.4652795744108947,0,0.0,0.0,False,0.4957370671101531,0.357421875,True,0.5151022886310094,0.1292065531015396,True,53.0,0.004853479853479854,1.0,0.004853479853479854,0.5095877161491278,0.016666666666666666,0.0,0.6030343118446797,0.1085631251335144,True,2789.0,0.2554029304029304,0.8501254930082467,0.21712454212454213,0.046914110617585755,0.6480327576998398,1.0,26.0,0.002380952380952381,1.0,0.002380952380952381,0.6305066658070803,0.0057692307692307696,0.0
1008,11_02,11,test,bright,P.aeruginosa,other,preprocessed_intensity_sigma040/local_flatfield/bright/1008.png,processed_plate_strategy_b_circle/counting_mask/bright/1008.png,873,1753,224,223,839,1719,292,291,needs_review,otsu,True,3,0.0,0.5468437684985822,0.4687375073994329,51,0.0010209801409352978,0.8947368421052632,False,0.564775660760247,0.341796875,True,0.550886608332109,0.1296170949935913,True,16.0,0.00032030749519538755,1.0,0.00032030749519538755,0.2142340555670787,0.0004804612427930814,0.0,0.5248690364033907,0.10748986899852753,True,343.0,0.006866591928251121,1.0,0.006866591928251121,0.4470242342264398,0.01475416399743754,0.0,51.0,0.0010209801409352978,1.0,0.0010209801409352978,0.11693830290820116,0.0011410954516335682,0.0
1002,140,140,train,bright,E.coli,other,preprocessed_intensity_sigma040/local_flatfield/bright/1002.png,processed_plate_strategy_b_circle/counting_mask/bright/1002.png,1266,166,109,110,1250,150,141,142,needs_review,consensus,False,3,0.02651568766218448,0.5408292736683872,0.4756122001491194,562,0.04687239366138449,0.1773989898989899,False,0.49551527602010964,0.451171875,True,0.5506555956785888,0.20405693352222443,True,524.0,0.043703085904920766,1.0,0.043703085904920766,0.4967870861932056,0.08874061718098415,0.0,0.576316949306463,0.16855056583881378,True,10059.0,0.8389491242702252,0.7046426086092057,0.5911592994161802,0.34660357524056806,0.6699560166911018,1.0,38.0,0.00316930775646372,1.0,0.00316930775646372,0.636960062713235,0.007005838198498749,0.0
1002,25,25,train,bright,E.coli,other,preprocessed_intensity_sigma040/local_flatfield/bright/1002.png,processed_plate_strategy_b_circle/counting_mask/bright/1002.png,229,1389,100,90,214,1374,130,120,needs_review,consensus,False,3,0.038489208633093526,0.5347338372014547,0.47736475790216465,642,0.07133333333333333,0.1621212121212121,False,0.5296176759253959,0.369140625,True,0.4922044444688006,0.19813400506973267,True,676.0,0.07511111111111111,0.9363905325443787,0.07033333333333333,0.9464540020136203,0.13368353344768438,0.0,0.5823793912101678,0.1642562448978424,True,8422.0,0.9357777777777778,0.6631441462835431,0.6205555555555555,0.07832495770887503,0.6147540983606558,1.0,10.0,0.0011111111111111111,1.0,0.0011111111111111111,0.3745367509040705,0.0022222222222222222,0.0
1008,63_02,63,test,bright,P.aeruginosa,other,preprocessed_intensity_sigma040/local_flatfield/bright/1008.png,processed_plate_strategy_b_circle/counting_mask/bright/1008.png,1462,278,105,104,1446,262,137,136,needs_review,consensus,False,3,0.05430327868852459,0.5216751780499408,0.47767621876095995,318,0.02912087912087912,0.09306409130816505,False,0.5475499793760936,0.419921875,True,0.49577491360850134,0.19045981764793396,True,102.0,0.00934065934065934,1.0,0.00934065934065934,0.6727772948240512,0.016483516483516484,0.0,0.5217006411652274,0.16222257912158966,True,2372.0,0.21721611721611722,0.8199831365935919,0.17811355311355312,0.34715378837368693,0.6122828784119106,1.0,335.0,0.030677655677655676,0.9552238805970149,0.029304029304029304,0.49878388565571136,0.30511026481268266,0.0
1002,72,72,train,bright,E.coli,other,preprocessed_intensity_sigma040/local_flatfield/bright/1002.png,processed_plate_strategy_b_circle/counting_mask/bright/1002.png,1611,1497,145,145,1589,1475,189,189,needs_review,consensus,False,3,0.021473085989215022,0.5637474361494427,0.4830145545560023,665,0.03162901307966706,0.2805907172995781,False,0.4705916212378714,0.478515625,True,0.5247648575373254,0.18556523323059082,True,646.0,0.030725326991676575,1.0,0.030725326991676575,0.5977155107868569,0.057074910820451845,0.0,0.6958858296731313,0.15442539751529694,True,12337.0,0.5867776456599286,0.8381292048309962,0.49179548156956004,0.06816269147899257,0.5885893452031018,1.0,11.0,0.0005231866825208086,1.0,0.0005231866825208086,0.8012475409501834,0.0011890606420927466,0.0
1008,8_02,8,test,bright,P.aeruginosa,other,preprocessed_intensity_sigma040/local_flatfield/bright/1008.png,processed_plate_strategy_b_circle/counting_mask/bright/1008.png,1227,1848,86,86,1214,1835,112,112,needs_review,consensus,False,3,0.0941192635339379,0.5132171955473307,0.48822862045581056,684,0.09248242293131423,0.5368916797488226,False,0.25683215082660327,0.451171875,True,0.6654570869352887,0.15626001358032227,True,856.0,0.1157382368848026,1.0,0.1157382368848026,0.12258974534339252,0.23053001622498648,0.0,0.6173623488801,0.1304466277360916,True,2621.0,0.35438074634937805,0.8626478443342236,0.30570578691184425,0.3615397060491036,0.5277272727272727,1.0,398.0,0.053812871822606814,0.678391959798995,0.03650621957815035,0.856265207701361,0.2093121693121693,1.0
1002,10,10,train,bright,E.coli,other,preprocessed_intensity_sigma040/local_flatfield/bright/1002.png,processed_plate_strategy_b_circle/counting_mask/bright/1002.png,118,1122,114,109,101,1105,148,143,needs_review,consensus,False,3,0.03396047804993492,0.5659155074741128,0.4882523703071223,574,0.046193465314662806,0.14561136478944697,False,0.5059531824122154,0.376953125,True,0.5530041766779884,0.18991000950336456,True,542.0,0.04361821986158056,1.0,0.04361821986158056,0.4905819892444467,0.104297440849831,0.0,0.6387891633321346,0.15845708549022675,True,7052.0,0.5675197167230002,0.800482132728304,0.4542893932077901,0.38372648352044986,0.6163633150733345,1.0,32.0,0.002575245453082247,1.0,0.002575245453082247,0.5565913409866614,0.005230967326573314,0.0
1002,149,149,train,bright,E.coli,other,preprocessed_intensity_sigma040/local_flatfield/bright/1002.png,processed_plate_strategy_b_circle/counting_mask/bright/1002.png,1459,315,121,113,1441,297,157,149,needs_review,consensus,False,3,0.055174884679116847,0.5554025804353683,0.49147224181183824,1232,0.09010458567980692,0.25,False,0.47226719017903135,0.525390625,True,0.6002934806352388,0.2033802717924118,True,1210.0,0.08849557522123894,1.0,0.08849557522123894,0.42508769711635924,0.18020917135961384,0.0,0.5936470704918348,0.16824865341186523,True,9686.0,0.7084034228040664,0.770183770390254,0.5456008191325971,0.48873878928064485,0.6176537019469667,1.0,17.0,0.001243326263438894,1.0,0.001243326263438894,0.7933567256685639,0.002194105170774519,0.0
1002,11,11,train,bright,E.coli,other,preprocessed_intensity_sigma040/local_flatfield/bright/1002.png,processed_plate_strategy_b_circle/counting_mask/bright/1002.png,169,1097,82,82,157,1085,106,106,needs_review,consensus,False,3,0.08250395585595713,0.5324281701875347,0.4918476526245989,1184,0.17608566329565734,0.32998885172798215,False,0.37078964416491267,0.28195464611053467,True,0.6651800538801175,0.18993119895458221,True,956.0,0.1421772754312909,1.0,0.1421772754312909,0.28105905558956323,0.264128494943486,0.0,0.5613148125175741,0.15512315928936005,True,6955.0,1.0343545508625818,0.688569374550683,0.7122248661511006,0.21621920151657284,0.598433606265575,1.0,269.0,0.040005948839976206,0.8810408921933085,0.03524687685901249,0.44072379559327624,0.1543818920487522,1.0
1002,150,150,train,bright,E.coli,other,preprocessed_intensity_sigma040/local_flatfield/bright/1002.png,processed_plate_strategy_b_circle/counting_mask/bright/1002.png,1497,288,103,90,1482,273,133,120,needs_review,consensus,False,3,0.03235693331581943,0.57805642489709,0.4925474966193728,739,0.07971952535059332,0.18219921104536488,False,0.4782647348629596,0.541015625,True,0.643379852295123,0.23177233338356018,True,728.0,0.07853290183387271,1.0,0.07853290183387271,0.18338842519084442,0.3477885652642934,0.0,0.6125246875331872,0.19120271503925323,True,9791.0,1.056202804746494,0.7761209273822899,0.8197411003236246,0.03390656004474321,0.5808270676691729,1.0,11.0,0.0011866235167206042,1.0,0.0011866235167206042,0.7497082408491524,0.002696871628910464,0.0
1002,29,29,train,bright,E.coli,other,preprocessed_intensity_sigma040/local_flatfield/bright/1002.png,processed_plate_strategy_b_circle/counting_mask/bright/1002.png,354,1574,132,132,334,1554,172,172,needs_review,consensus,False,3,0.043435783338325186,0.5705652145207756,0.49342860997672405,1248,0.07162534435261708,0.23636363636363636,False,0.4825763844561301,0.509765625,True,0.5887985475685245,0.21506008505821228,True,1259.0,0.07225665748393022,1.0,0.07225665748393022,0.44460153374722056,0.20316804407713498,0.0,0.6403207115376721,0.18011800944805145,True,12070.0,0.692722681359045,0.7899751449875725,0.5472337006427915,0.1975287681979715,0.588967009194159,1.0,40.0,0.002295684113865932,1.0,0.002295684113865932,0.7276964714079222,0.008034894398530763,0.0
1002,26,26,train,bright,E.coli,other,preprocessed_intensity_sigma040/local_flatfield/bright/1002.png,processed_plate_strategy_b_circle/counting_mask/bright/1002.png,211,1421,68,69,201,1411,88,89,needs_review,consensus,False,3,0.05658336458356194,0.5639207870397464,0.49537249242014525,603,0.1285166240409207,0.3516034985422741,False,0.44845065202567125,0.542356014251709,True,0.6791934864547096,0.2578236162662506,True,631.0,0.1344842284739983,1.0,0.1344842284739983,0.17866853198543517,0.31649616368286443,0.0,0.5641182226388582,0.21359165012836456,True,5058.0,1.078005115089514,0.697508896797153,0.7519181585677749,0.1927217848995162,0.5990806945863125,1.0,11.0,0.0023444160272804776,1.0,0.0023444160272804776,0.9740224955356359,0.004262574595055414,0.0
1008,45_02,45,test,bright,P.aeruginosa,other,preprocessed_intensity_sigma040/local_flatfield/bright/1008.png,processed_plate_strategy_b_circle/counting_mask/bright/1008.png,428,437,139,138,407,416,181,180,needs_review,consensus,False,2,0.27992975413948823,0.5796204015908375,0.4964902412518225,5579,0.29084558440204356,0.49003074220465526,False,0.0,0.318359375,False,0.6362524377482865,0.0864318385720253,True,5934.0,0.30935251798561153,0.9135490394337715,0.2826086956521739,0.19370630055311658,0.568951048951049,1.0,0.5229883654333886,0.06968910992145538,True,30614.0,1.5959753935981649,0.6512053308943621,1.0393076842873528,0.0677658064742158,0.5887661141804789,1.0,158.0,0.00823688874986967,0.08860759493670886,0.0007298509018871859,1.4238298537631968,0.01866221392790492,1.0
1002,19,19,train,bright,E.coli,other,preprocessed_intensity_sigma040/local_flatfield/bright/1002.png,processed_plate_strategy_b_circle/counting_mask/bright/1002.png,235,1291,56,56,227,1283,72,72,needs_review,consensus,False,3,0.05174488567990373,0.5731171327860259,0.49735756310237667,430,0.1371173469387755,0.47619047619047616,False,0.49555161618373716,0.384765625,True,0.6383449871707371,0.16649647057056427,True,404.0,0.1288265306122449,1.0,0.1288265306122449,0.349343554194857,0.18080357142857142,0.0,0.5854547950036036,0.13638637959957123,True,3526.0,1.124362244897959,0.7838910947249007,0.8813775510204082,0.27844487075801583,0.6707317073170732,1.0,26.0,0.008290816326530613,1.0,0.008290816326530613,0.6710976729988745,0.01913265306122449,0.0
1002,18,18,train,bright,E.coli,other,preprocessed_intensity_sigma040/local_flatfield/bright/1002.png,processed_plate_strategy_b_circle/counting_mask/bright/1002.png,233,1266,56,56,225,1258,72,72,needs_review,consensus,False,3,0.06059479553903346,0.566312250545557,0.49773307865688454,489,0.15593112244897958,0.43660714285714286,False,0.46194682387533975,0.373046875,True,0.6710512251315836,0.15905502438545227,True,462.0,0.14732142857142858,1.0,0.14732142857142858,0.20525644373299703,0.1836734693877551,0.0,0.5659387026297474,0.1294851303100586,True,3723.0,1.1871811224489797,0.7241471931238249,0.8596938775510204,0.23453711383883113,0.6608391608391608,1.0,27.0,0.00860969387755102,1.0,0.00860969387755102,0.920514230670886,0.02295918367346939,0.0
1002,23,23,train,bright,E.coli,other,preprocessed_intensity_sigma040/local_flatfield/bright/1002.png,processed_plate_strategy_b_circle/counting_mask/bright/1002.png,219,1308,110,109,203,1292,142,141,needs_review,consensus,False,3,0.09163180016761646,0.5412415235701854,0.49856773948673994,1911,0.15938281901584653,0.2113938053097345,False,0.5255063918551216,0.404296875,True,0.5590375868334316,0.17234258353710175,True,1985.0,0.16555462885738115,0.9652392947103274,0.1597998331943286,0.25601428424970024,0.6403496202894398,1.0,0.5391805920220031,0.14308027923107147,True,11888.0,0.9914929107589658,0.647207267833109,0.6417014178482069,0.302795308731426,0.5988412745979422,1.0,41.0,0.0034195162635529608,1.0,0.0034195162635529608,0.42317244293466866,0.01201000834028357,0.0
1008,72_02,72,test,bright,P.aeruginosa,other,preprocessed_intensity_sigma040/local_flatfield/bright/1008.png,processed_plate_strategy_b_circle/counting_mask/bright/1008.png,1327,423,169,167,1302,398,219,217,needs_review,consensus,False,3,0.08038490026078565,0.5511950814145647,0.49861274765710084,2025,0.0717499911419764,0.4005142405063291,False,0.543399306662589,0.482421875,True,0.6020134944013963,0.23831622302532196,True,2049.0,0.07260036140736278,1.0,0.07260036140736278,0.34119921027886635,0.1911561492399816,0.0,0.5081724431797091,0.20446577668190002,True,12320.0,0.43652340289834535,0.6723214285714286,0.2934840378414768,0.8042577217343875,0.35434788933174294,1.0,41.0,0.0014527158700350779,1.0,0.0014527158700350779,0.275576994383563,0.00198419728590157,0.0
1002,27,27,train,bright,E.coli,other,preprocessed_intensity_sigma040/local_flatfield/bright/1002.png,processed_plate_strategy_b_circle/counting_mask/bright/1002.png,218,1439,99,100,203,1424,129,130,needs_review,consensus,False,3,0.05012031960853359,0.5803490587729861,0.49968173537218125,959,0.09686868686868687,0.3289879931389365,False,0.4941549083099314,0.521484375,True,0.6194119676380094,0.23322507739067078,True,912.0,0.09212121212121212,1.0,0.09212121212121212,0.3177655698673478,0.1993939393939394,0.0,0.6274803003710175,0.19410830736160278,True,7806.0,0.7884848484848485,0.819369715603382,0.6460606060606061,0.24997553546277707,0.590339892665474,1.0,14.0,0.0014141414141414141,1.0,0.0014141414141414141,0.6356629218936563,0.0036363636363636364,0.0
1002,135,135,train,bright,E.coli,other,preprocessed_intensity_sigma040/local_flatfield/bright/1002.png,processed_plate_strategy_b_circle/counting_mask/bright/1002.png,1174,169,86,92,1160,155,114,120,needs_review,consensus,False,3,0.07970168612191958,0.557129489673451,0.5007473860120523,1229,0.15533367037411527,0.25086752398448664,False,0.5005895378145944,0.4790058135986328,True,0.5489007426904959,0.19985610246658325,True,1512.0,0.1911021233569262,0.8082010582010583,0.15444893832153692,0.834131184308698,0.26505494505494503,0.0,0.6218981885152626,0.16499659419059753,True,6269.0,0.7923407482305359,0.8181528154410592,0.6482558139534884,0.33661325873965003,0.663028413028413,1.0,8.0,0.0010111223458038423,1.0,0.0010111223458038423,0.5851867846527151,0.0015166835187057635,0.0
1002,73,73,train,bright,E.coli,other,preprocessed_intensity_sigma040/local_flatfield/bright/1002.png,processed_plate_strategy_b_circle/counting_mask/bright/1002.png,1769,1128,160,160,1745,1104,208,208,needs_review,consensus,False,3,0.003280444533708241,0.6258594479709881,0.5014919347751932,98,0.003828125,0.44545454545454544,False,0.5781629255744377,0.501953125,True,0.5591878443400762,0.22472473978996277,True,76.0,0.00296875,1.0,0.00296875,0.16941987055268523,0.00390625,0.0,0.7402275739984503,0.18937745690345764,True,10866.0,0.424453125,0.9175409534327259,0.389453125,0.00616694279585057,0.5699481865284974,1.0,22.0,0.000859375,1.0,0.000859375,0.019393236552131852,0.00234375,0.0
1008,9_02,9,test,bright,P.aeruginosa,other,preprocessed_intensity_sigma040/local_flatfield/bright/1008.png,processed_plate_strategy_b_circle/counting_mask/bright/1008.png,1181,1858,95,94,1167,1844,123,122,needs_review,consensus,False,3,0.0711688254013383,0.5798062896290411,0.5068316047420849,528,0.05912653975363942,0.4444444444444444,False,0.5313047042621734,0.392578125,True,0.6154727705348209,0.164052814245224,True,659.0,0.07379619260918253,1.0,0.07379619260918253,0.19741966873023598,0.12038073908174692,0.0,0.5926413940901292,0.13679969310760498,True,2732.0,0.3059350503919373,0.8587115666178624,0.26270996640537514,0.29010703258586357,0.5144404332129964,1.0,16.0,0.0017917133258678612,1.0,0.0017917133258678612,0.3662981423046523,0.003135498320268757,0.0
1002,136,136,train,bright,E.coli,other,preprocessed_intensity_sigma040/local_flatfield/bright/1002.png,processed_plate_strategy_b_circle/counting_mask/bright/1002.png,1206,185,100,104,1190,169,132,136,needs_review,consensus,False,3,0.07623363544813697,0.5783342791755977,0.508015484077087,1514,0.14557692307692308,0.26915555555555554,False,0.47287878889874385,0.2927006781101227,True,0.6244718988813046,0.186237171292305,True,1614.0,0.15519230769230768,0.929368029739777,0.14423076923076922,0.4767253204278227,0.30276497695852533,0.0,0.6376521497467446,0.15253113210201263,True,8081.0,0.7770192307692307,0.8198242791733696,0.6370192307692307,0.2165214634637966,0.6277901785714286,1.0,15.0,0.0014423076923076924,1.0,0.0014423076923076924,0.7903937134252917,0.0028846153846153848,0.0
1008,10_02,10,test,bright,P.aeruginosa,other,preprocessed_intensity_sigma040/local_flatfield/bright/1008.png,processed_plate_strategy_b_circle/counting_mask/bright/1008.png,1048,1856,115,115,1031,1839,149,149,needs_review,consensus,False,3,0.12214053419810232,0.5449491956909798,0.5107288652457278,717,0.05421550094517959,0.36285425101214575,False,0.5152233587395313,0.345703125,True,0.633314270868636,0.14644809067249298,True,890.0,0.06729678638941398,1.0,0.06729678638941398,0.033122263959114426,0.11795841209829867,0.0,0.4863099574647721,0.12215739488601685,True,1923.0,0.14540642722117203,0.9053562142485699,0.13164461247637052,0.2811197448914447,0.3082262387464779,1.0,70.0,0.005293005671077505,1.0,0.005293005671077505,0.5053619519900494,0.009073724007561436,0.0
1002,70,70,train,bright,E.coli,other,preprocessed_intensity_sigma040/local_flatfield/bright/1002.png,processed_plate_strategy_b_circle/counting_mask/bright/1002.png,1448,1696,132,133,1428,1676,172,173,needs_review,consensus,False,3,0.12118712501169114,0.5492923369106263,0.5121324285183424,2530,0.14411027568922305,0.1996527777777778,False,0.4924362494449951,0.439453125,True,0.5245961155149126,0.20164203643798828,True,2738.0,0.1559580770107086,0.9079620160701242,0.14160401002506265,0.22186373629011524,0.5301639344262296,1.0,0.6308446457719711,0.1671552211046219,True,9218.0,0.525062656641604,0.7633977001518768,0.40083162451583504,0.3380366820368317,0.6004103967168263,1.0,11.0,0.0006265664160401002,1.0,0.0006265664160401002,0.6424433868423357,0.001139211665527455,0.0
1008,46_02,46,test,bright,P.aeruginosa,other,preprocessed_intensity_sigma040/local_flatfield/bright/1008.png,processed_plate_strategy_b_circle/counting_mask/bright/1008.png,397,394,116,115,380,377,150,149,needs_review,consensus,False,3,0.08225762685583596,0.5856614833235178,0.5130547627289497,2122,0.1590704647676162,0.3982732732732733,False,0.5083878680985742,0.451171875,True,0.7213796637074257,0.1146833524107933,True,2059.0,0.15434782608695652,1.0,0.15434782608695652,0.03064598800430652,0.39940029985007497,0.0,0.5272169181645533,0.09506671875715256,True,12942.0,0.9701649175412294,0.6643486323597589,0.644527736131934,0.4456385988181973,0.5968680089485459,1.0,11.0,0.0008245877061469265,1.0,0.0008245877061469265,0.5276536028218209,0.0018740629685157421,0.0
1008,25_02,25,test,bright,P.aeruginosa,other,preprocessed_intensity_sigma040/local_flatfield/bright/1008.png,processed_plate_strategy_b_circle/counting_mask/bright/1008.png,900,1173,169,168,875,1148,219,218,needs_review,consensus,False,3,0.15360440754248467,0.5238472806856328,0.5133004549141228,11877,0.4183220625528318,0.5610827664399093,False,0.43144835339955134,0.505859375,True,0.6152683296790331,0.10971193760633469,True,14516.0,0.5112707805015497,0.7633645632405621,0.39028599605522685,0.44382370699926516,0.5689102564102564,1.0,0.5248251589783139,0.09026719629764557,True,39468.0,1.39010989010989,0.6460423634336678,0.8980698788391096,0.21176441532184462,0.594696493653387,1.0,212.0,0.007466892082276698,1.0,0.007466892082276698,1.135850667947302,0.021114864864864864,0.0
1008,71_02,71,test,bright,P.aeruginosa,other,preprocessed_intensity_sigma040/local_flatfield/bright/1008.png,processed_plate_strategy_b_circle/counting_mask/bright/1008.png,1028,712,79,78,1016,700,103,102,needs_review,consensus,False,3,0.115343955451008,0.5576733927894457,0.5134397415236311,887,0.143946770529049,0.5156976744186047,False,0.5236095314882901,0.466796875,True,0.6567147099229291,0.14265014231204987,True,851.0,0.13810451152223305,1.0,0.13810451152223305,0.29482163152857754,0.22622525154170725,0.0,0.4926959369571179,0.12004661560058594,True,4545.0,0.737585199610516,0.5606160616061606,0.41350210970464135,0.49456480968025646,0.586521987435751,1.0,48.0,0.007789678675754625,1.0,0.007789678675754625,0.4585767273405253,0.011684518013631937,0.0
1008,7_02,7,test,bright,P.aeruginosa,other,preprocessed_intensity_sigma040/local_flatfield/bright/1008.png,processed_plate_strategy_b_circle/counting_mask/bright/1008.png,1113,1713,169,167,1088,1688,219,217,needs_review,consensus,False,3,0.15116114986801657,0.5296518892309482,0.514767158146185,8907,0.3155936647415229,0.3842205159175222,False,0.5003127894590439,0.412109375,True,0.5723911513749377,0.10738710314035416,True,11321.0,0.40112674060163694,0.7509937284692165,0.3012436665131276,0.5627631514588444,0.5365519883953253,1.0,0.5162517268588628,0.08870912343263626,True,29131.0,1.0321723417071182,0.6710720538258212,0.6926620132516033,0.4928179097283736,0.5847894375184058,1.0,28.0,0.000992098642950785,1.0,0.000992098642950785,0.5871664995745537,0.0015944442475994756,0.0
1002,42,42,train,bright,E.coli,other,preprocessed_intensity_sigma040/local_flatfield/bright/1002.png,processed_plate_strategy_b_circle/counting_mask/bright/1002.png,872,934,114,122,854,916,150,158,needs_review,consensus,False,3,0.09546412008846124,0.5836365779536563,0.516867073212424,2797,0.20110727638769055,0.40624546114742194,False,0.5668849317870169,0.3132506012916565,True,0.6737088302351701,0.12838836014270782,True,2168.0,0.1558815070463043,1.0,0.1558815070463043,0.3707033131795895,0.3785591026747196,0.0,0.5103159718387816,0.10526472330093384,True,17058.0,1.22648835202761,0.5708758353851565,0.7001725625539258,0.18845741720390702,0.5868354430379746,1.0,632.0,0.0454414725337935,1.0,0.0454414725337935,0.40923784895724014,0.11906816220880069,0.0
1008,26_02,26,test,bright,P.aeruginosa,other,preprocessed_intensity_sigma040/local_flatfield/bright/1008.png,processed_plate_strategy_b_circle/counting_mask/bright/1008.png,997,1000,186,184,969,972,242,240,needs_review,consensus,False,3,0.09838132277208882,0.5814679698977429,0.5170206509293283,8272,0.24170172978027116,0.6042808094090145,False,0.4535447425706895,0.501953125,True,0.7691332340933297,0.11427794396877289,True,7879.0,0.23021856007480132,1.0,0.23021856007480132,0.06151853168261687,0.39998246844319774,0.0,0.5217259330292092,0.09464399516582489,True,42194.0,1.232877512856475,0.6616106555434422,0.815684899485741,0.3291987875324724,0.5892561983471074,1.0,161.0,0.004704301075268817,1.0,0.004704301075268817,0.9535158685155746,0.010928003740065452,0.0
1008,19_02,19,test,bright,P.aeruginosa,other,preprocessed_intensity_sigma040/local_flatfield/bright/1008.png,processed_plate_strategy_b_circle/counting_mask/bright/1008.png,869,1302,224,222,835,1268,292,290,needs_review,consensus,False,2,0.2635984908033328,0.6477745117410866,0.5180359431442677,13414,0.269747425997426,0.5586373479926703,False,0.0,0.443359375,False,0.7883160783566803,0.09872758388519287,True,12414.0,0.24963803088803088,1.0,0.24963803088803088,0.07899765812868542,0.4828667953667954,0.0,0.5072329451254929,0.07931771129369736,True,81737.0,1.643681628056628,0.6153516767192336,1.0114422458172458,0.02854046055125188,0.5872461029759093,1.0,,,,,,,
1008,73_02,73,test,bright,P.aeruginosa,other,preprocessed_intensity_sigma040/local_flatfield/bright/1008.png,processed_plate_strategy_b_circle/counting_mask/bright/1008.png,1398,450,224,222,1364,416,292,290,needs_review,consensus,False,3,0.0894394205741253,0.5937131535998205,0.5187890586408721,10935,0.21989623552123552,0.46178209459459457,False,0.4915645332505868,0.482421875,True,0.7514920295092478,0.13230650126934052,True,10027.0,0.20163690476190477,0.99700807818889,0.20103362290862292,0.08392004573234245,0.46153846153846156,0.0,0.5380828980396267,0.10978735238313675,True,58314.0,1.1726592664092663,0.6972596632026614,0.8176480051480052,0.3241775427762568,0.5872461029759093,1.0,48.0,0.0009652509652509653,1.0,0.0009652509652509653,0.6505977008035599,0.001287001287001287,0.0
1002,71,71,train,bright,E.coli,other,preprocessed_intensity_sigma040/local_flatfield/bright/1002.png,processed_plate_strategy_b_circle/counting_mask/bright/1002.png,1512,1623,132,132,1492,1603,172,172,needs_review,consensus,False,3,0.07745304546252414,0.605924515780493,0.5194783722240807,1765,0.10129706152433425,0.42448292448292446,False,0.5548125438331362,0.416015625,True,0.6299795107071511,0.19570767879486084,True,1741.0,0.09991965105601469,1.0,0.09991965105601469,0.30824482290439026,0.23863636363636365,0.0,0.632981492801192,0.16263119876384735,True,10058.0,0.5772497704315886,0.7564128057267846,0.4366391184573003,0.2464631645370177,0.588967009194159,1.0,16.0,0.0009182736455463728,1.0,0.0009182736455463728,0.18999903339370383,0.0024104683195592287,0.0
1002,8,8,train,bright,E.coli,other,preprocessed_intensity_sigma040/local_flatfield/bright/1002.png,processed_plate_strategy_b_circle/counting_mask/bright/1002.png,174,1032,75,74,163,1021,97,96,needs_review,consensus,False,3,0.09863064763232132,0.5895648796472758,0.5203466785302228,1180,0.2126126126126126,0.4737053392211963,False,0.502593579670795,0.37385109066963196,True,0.7300042225906352,0.1732422113418579,True,1167.0,0.21027027027027026,1.0,0.21027027027027026,0.18540965071705914,0.31513513513513514,0.0,0.5360968366803969,0.14311833679676056,True,6366.0,1.147027027027027,0.6288092994030788,0.7212612612612612,0.18785195667596857,0.5960051546391752,1.0,17.0,0.003063063063063063,1.0,0.003063063063063063,0.5833874471994183,0.005045045045045045,0.0
1008,3_06,3,test,bright,P.aeruginosa,other,preprocessed_intensity_sigma040/local_flatfield/bright/1008.png,processed_plate_strategy_b_circle/counting_mask/bright/1008.png,1868,949,116,115,1851,932,150,149,needs_review,consensus,False,3,0.1327903245711465,0.5598444982804591,0.5204144129120849,1073,0.08043478260869565,0.6293255131964809,False,0.4983076523216373,0.423828125,True,0.6529162260300625,0.15796028077602386,True,1301.0,0.09752623688155922,1.0,0.09752623688155922,0.0795085557899418,0.1706896551724138,0.0,0.5283096164896777,0.1316400021314621,True,2751.0,0.20622188905547226,0.9018538713195202,0.18598200899550224,0.29745219661423955,0.3618288927567278,1.0,8.0,0.0005997001499250374,1.0,0.0005997001499250374,0.5993222384975014,0.0008995502248875562,0.0
1002,85,85,train,bright,E.coli,other,preprocessed_intensity_sigma040/local_flatfield/bright/1002.png,processed_plate_strategy_b_circle/counting_mask/bright/1002.png,1184,1108,42,42,1178,1102,54,54,needs_review,consensus,False,3,0.14080033756425456,0.5535046861207804,0.5206819925958013,421,0.23866213151927437,0.36929824561403507,False,0.4042375075957251,0.3053615093231201,True,0.6217436569103277,0.16024908423423767,True,176.0,0.09977324263038549,1.0,0.09977324263038549,0.3130225340294484,0.16383219954648526,0.0,0.6345328938562883,0.13247480988502502,True,1155.0,0.6547619047619048,0.8562770562770563,0.5606575963718821,0.4516542580663356,0.578853046594982,1.0,296.0,0.16780045351473924,0.8851351351351351,0.14852607709750568,0.8499082405464978,0.19626168224299065,1.0
1002,79,79,train,bright,E.coli,other,preprocessed_intensity_sigma040/local_flatfield/bright/1002.png,processed_plate_strategy_b_circle/counting_mask/bright/1002.png,1357,1061,132,132,1337,1041,172,172,needs_review,consensus,False,3,0.039476602350853846,0.6442570803536317,0.5215196429642515,712,0.04086317722681359,0.18426501035196688,False,0.5068224917930606,0.474609375,True,0.5701820573475219,0.22579827904701233,True,428.0,0.024563820018365472,1.0,0.024563820018365472,0.26448614847534324,0.09641873278236915,0.0,0.8557666919203125,0.1926228553056717,True,6012.0,0.3450413223140496,1.0,0.3450413223140496,0.05625311590474587,0.47319788797061524,0.0,284.0,0.016299357208448117,1.0,0.016299357208448117,0.6360234612064981,0.028925619834710745,0.0
1008,96_01,96,test,bright,P.aeruginosa,other,preprocessed_intensity_sigma040/local_flatfield/bright/1008.png,processed_plate_strategy_b_circle/counting_mask/bright/1008.png,1007,96,116,114,990,79,150,148,needs_review,consensus,False,3,0.11333424083279175,0.5800913176452992,0.5217035113495968,1025,0.07751058681185723,0.27116402116402116,False,0.573018494488739,0.333984375,True,0.5791824231967918,0.13291415572166443,True,772.0,0.05837870538415003,1.0,0.05837870538415003,0.38553791301934864,0.12099213551119177,0.0,0.5880730352503666,0.11092546582221985,True,3223.0,0.24372353297035693,0.8910952528699969,0.21718088324258925,0.040681118345793126,0.4023479188900747,1.0,545.0,0.0412129461584997,0.9486238532110092,0.03909558378705384,0.18183983446228388,0.07724613769311535,0.0
1002,14,14,train,bright,E.coli,other,preprocessed_intensity_sigma040/local_flatfield/bright/1002.png,processed_plate_strategy_b_circle/counting_mask/bright/1002.png,221,1181,62,61,212,1172,80,79,needs_review,consensus,False,2,0.28331043956043955,0.641805903345084,0.5225476818508541,825,0.21813855103120042,0.6490952006294256,False,0.0,0.470703125,False,0.7441810994149395,0.13210536539554596,True,864.0,0.22845055526176627,1.0,0.22845055526176627,0.2059617855656438,0.36065573770491804,0.0,0.5394307072752286,0.10705123841762543,True,4029.0,1.065309360126917,0.7148175725986597,0.7615018508725542,0.3915557303831338,0.556093023255814,1.0,,,,,,,
1008,43_02,43,test,bright,P.aeruginosa,other,preprocessed_intensity_sigma040/local_flatfield/bright/1008.png,processed_plate_strategy_b_circle/counting_mask/bright/1008.png,191,722,127,126,172,703,165,164,needs_review,consensus,False,3,0.10659792186905799,0.5936912104580668,0.524785756837397,3404,0.21272340957380328,0.43979328165374676,False,0.5160692393766149,0.365234375,True,0.7410645897683937,0.08401243388652802,True,3296.0,0.2059742532183477,1.0,0.2059742532183477,0.15701248697463385,0.4161979752530934,0.0,0.523939802229192,0.06874460726976395,True,15836.0,0.9896262967129109,0.671002778479414,0.6640419947506562,0.49684850817835247,0.6299466146936701,1.0,83.0,0.005186851643544557,1.0,0.005186851643544557,0.5035765348791091,0.015810523684539432,0.0
1002,65,65,train,bright,E.coli,other,preprocessed_intensity_sigma040/local_flatfield/bright/1002.png,processed_plate_strategy_b_circle/counting_mask/bright/1002.png,1132,1822,120,120,1114,1804,156,156,needs_review,consensus,False,3,0.0917676236225698,0.6073829419660489,0.525071845054319,1877,0.13034722222222223,0.40158322635857935,False,0.49060097644814943,0.498046875,True,0.6549562838612029,0.20455534756183624,True,1808.0,0.12555555555555556,1.0,0.12555555555555556,0.26007201068284425,0.246875,0.0,0.6765915655887943,0.17015305161476135,True,8426.0,0.5851388888888889,0.808687396154759,0.4731944444444444,0.18061082745249935,0.6903103229892337,1.0,17.0,0.0011805555555555556,1.0,0.0011805555555555556,0.6591269142733965,0.001875,0.0
1002,28,28,train,bright,E.coli,other,preprocessed_intensity_sigma040/local_flatfield/bright/1002.png,processed_plate_strategy_b_circle/counting_mask/bright/1002.png,300,1552,99,100,285,1537,129,130,needs_review,consensus,False,3,0.0952091934094582,0.6056736461522375,0.5255926761542054,1396,0.141010101010101,0.39457320520067835,False,0.5044311141336562,0.521484375,True,0.6910436570198785,0.23821017146110535,True,1420.0,0.14343434343434344,1.0,0.14343434343434344,0.15274119805347264,0.3381818181818182,0.0,0.6215461673031778,0.1996641457080841,True,6534.0,0.66,0.7411998775635139,0.4891919191919192,0.2425607720131552,0.590339892665474,1.0,14.0,0.0014141414141414141,1.0,0.0014141414141414141,0.5607322544289964,0.0036363636363636364,0.0
1008,78_01,78,test,bright,P.aeruginosa,other,preprocessed_intensity_sigma040/local_flatfield/bright/1008.png,processed_plate_strategy_b_circle/counting_mask/bright/1008.png,1388,597,231,231,1353,562,301,301,needs_review,consensus,False,3,0.21260793814301884,0.5040925004039392,0.5260497785116323,33436,0.6265999512752759,0.6159344201897393,False,0.409888542223334,0.458984375,True,0.5814054683593082,0.1101335808634758,True,44180.0,0.8279455032701786,0.707922136713445,0.5861209497573134,0.32005943037158446,0.6590299991354716,1.0,0.5209834906291753,0.0893215611577034,True,82147.0,1.5394576563407731,0.6375521930198303,0.9814846048612282,0.12559498140262323,0.588967009194159,1.0,227.0,0.004254043215082176,1.0,0.004254043215082176,1.270040912500357,0.01153925406964764,0.0
1000,4,4,validation,bright,B.subtilis,other,preprocessed_intensity_sigma040/local_flatfield/bright/1000.png,processed_plate_strategy_b_circle/counting_mask/bright/1000.png,632,1772,151,151,609,1749,197,197,needs_review,consensus,False,3,0.12490602261163829,0.5812031381453538,0.5261983631722149,3764,0.16508047892636288,0.19121158242316486,False,0.4730282501185475,0.384765625,True,0.5334213004183244,0.17539317905902863,True,3964.0,0.1738520240340336,0.9301210898082745,0.16170343405990964,0.3005943728031844,0.5232811059907834,1.0,0.7371598638991897,0.14378952980041504,True,11150.0,0.48901363975264245,0.8941704035874439,0.4372615236173852,0.07984435008070354,0.6510529711972781,1.0,10.0,0.0004385772553835358,1.0,0.0004385772553835358,0.782830760092764,0.0008771545107670716,0.0
1002,141,141,train,bright,E.coli,other,preprocessed_intensity_sigma040/local_flatfield/bright/1002.png,processed_plate_strategy_b_circle/counting_mask/bright/1002.png,1295,270,132,132,1275,250,172,172,needs_review,consensus,False,3,0.17592831911777376,0.5415398225943561,0.5281908407289633,6126,0.3515840220385675,0.46321361058601135,False,0.24217801858388058,0.490234375,True,0.8525253671833205,0.132024347782135,True,5899.0,0.33855601469237834,1.0,0.33855601469237834,0.041076631599446745,0.4643595041322314,0.0,0.5299160820158673,0.10880396515130997,True,17259.0,0.990530303030303,0.6719972188423431,0.665633608815427,0.42525068512529784,0.588967009194159,1.0,340.0,0.019513314967860424,0.6911764705882353,0.01348714416896235,0.8625955310757137,0.2356733524355301,1.0
1008,6_03,6,test,bright,P.aeruginosa,other,preprocessed_intensity_sigma040/local_flatfield/bright/1008.png,processed_plate_strategy_b_circle/counting_mask/bright/1008.png,1093,1389,232,236,1058,1354,302,306,needs_review,consensus,False,3,0.1698907996468403,0.5475739065968352,0.5284913425151282,28837,0.5266839567504383,0.7432216494845361,False,0.5772297610389936,0.09396446496248245,True,0.5622879439557367,0.0944322720170021,True,8.0,0.0001461133839859731,1.0,0.0001461133839859731,0.13003943418804784,0.00021917007597895967,0.0,0.5032040147957755,0.0757589340209961,True,92154.0,1.6831165984804208,0.6132994769624759,1.0322545295149035,0.004158186748350368,0.5924771674674285,1.0,38147.0,0.6967234073641145,0.7552625370278134,0.5262090882524839,0.534735048460407,0.5459950881123702,1.0
1001,3_01,3,train,bright,P.aeruginosa,other,preprocessed_intensity_sigma040/local_flatfield/bright/1001.png,processed_plate_strategy_b_circle/counting_mask/bright/1001.png,1846,851,52,49,1838,843,68,65,needs_review,consensus,False,3,0.12596807333649437,0.5860722450455013,0.5285177236859735,523,0.20525902668759813,0.2902330743618202,False,0.5202212462410447,0.31379443407058716,True,0.5462882530576721,0.1976231038570404,True,141.0,0.05533751962323391,1.0,0.05533751962323391,0.6021182402578926,0.10989010989010989,0.0,0.6917072358377866,0.16461794078350067,True,1576.0,0.6185243328100472,0.866751269035533,0.5361067503924647,0.2062352296329176,0.6978787878787879,1.0,520.0,0.20408163265306123,0.8365384615384616,0.1707221350078493,0.15719158131400554,0.3567961165048544,1.0
1008,83_01,83,test,bright,P.aeruginosa,other,preprocessed_intensity_sigma040/local_flatfield/bright/1008.png,processed_plate_strategy_b_circle/counting_mask/bright/1008.png,1218,775,224,222,1184,741,292,290,needs_review,consensus,False,3,0.20907831065270235,0.5155505223783977,0.529397617679805,27604,0.5550997425997426,0.55018735549709,False,0.4618391053468692,0.498046875,True,0.5666945703202472,0.12011860311031342,True,38316.0,0.770511583011583,0.6773932560810105,0.5219393500643501,0.3613331196920568,0.5912960760998811,1.0,0.5181178914680767,0.09837545454502106,True,68476.0,1.3770109395109396,0.6412757754541737,0.883043758043758,0.24791258600928082,0.5872461029759093,1.0,165.0,0.003318050193050193,1.0,0.003318050193050193,0.8839559729618619,0.007963320463320463,0.0
1008,77_01,77,test,bright,P.aeruginosa,other,preprocessed_intensity_sigma040/local_flatfield/bright/1008.png,processed_plate_strategy_b_circle/counting_mask/bright/1008.png,1343,640,169,168,1318,615,219,218,needs_review,consensus,False,3,0.21001600671757328,0.5155290933348188,0.5297172396850782,16007,0.563785573400958,0.5816497093023256,False,0.4215567966546153,0.501953125,True,0.5979481178751016,0.12066015601158142,True,20767.0,0.7314384333615103,0.7278855877112727,0.5324034939419555,0.30659888641455785,0.594696493653387,1.0,0.5270823654747396,0.09891028702259064,True,38308.0,1.3492533107917724,0.6625509032055967,0.8939489997182305,0.25052818870969884,0.594696493653387,1.0,108.0,0.0038038884192730348,1.0,0.0038038884192730348,1.1800520395150602,0.007889546351084813,0.0
1002,67,67,train,bright,E.coli,other,preprocessed_intensity_sigma040/local_flatfield/bright/1002.png,processed_plate_strategy_b_circle/counting_mask/bright/1002.png,1301,1671,132,132,1281,1651,172,172,needs_review,consensus,False,3,0.1178609435970202,0.5963462406726773,0.529789826528028,3987,0.22882231404958678,0.55375,False,0.506602546221001,0.498046875,True,0.7601669331641222,0.15855750441551208,True,3927.0,0.22537878787878787,1.0,0.22537878787878787,0.0872893727265365,0.3787878787878788,0.0,0.5222692426329086,0.1316608041524887,True,17114.0,0.982208448117539,0.6585251840598341,0.6468089990817264,0.48543189975207957,0.6331395348837209,1.0,13.0,0.0007460973370064279,1.0,0.0007460973370064279,0.5399177073147072,0.0013774104683195593,0.0
1002,64,64,train,bright,E.coli,other,preprocessed_intensity_sigma040/local_flatfield/bright/1002.png,processed_plate_strategy_b_circle/counting_mask/bright/1002.png,1065,1865,109,109,1049,1849,141,141,needs_review,consensus,False,3,0.15413056725164626,0.5676339065976236,0.5309992611771257,2495,0.20999915832000673,0.3449944690265487,False,0.4795869627891202,0.482421875,True,0.5930715487129645,0.22130954265594482,True,2642.0,0.22237185422102518,0.9538228614685844,0.21210335830317315,0.07262696767772894,0.38995304464485353,1.0,0.630243208290786,0.18353340029716492,True,6798.0,0.5721740594226076,0.7918505442777287,0.4530763403753893,0.35849336449924507,0.5414571323439225,1.0,11.0,0.0009258479925932161,1.0,0.0009258479925932161,0.7377196511183348,0.00126251998989984,0.0
1002,4_01,4,train,bright,E.coli,other,preprocessed_intensity_sigma040/local_flatfield/bright/1002.png,processed_plate_strategy_b_circle/counting_mask/bright/1002.png,87,778,145,145,65,756,189,189,needs_review,consensus,False,3,0.09302250132447017,0.622305339584794,0.5314800112974821,2573,0.12237812128418549,0.3208629504925801,False,0.47205232886008697,0.447265625,True,0.6522659616960136,0.1761196255683899,True,2520.0,0.11985731272294887,1.0,0.11985731272294887,0.2326078620387051,0.221307966706302,0.0,0.7425977281982812,0.14593401551246643,True,10488.0,0.4988347205707491,0.8812929061784897,0.4396195005945303,0.0009431797436910482,0.6715832977055722,1.0,11.0,0.0005231866825208086,1.0,0.0005231866825208086,0.7902497385175844,0.000713436385255648,0.0
1002,37,37,train,bright,E.coli,other,preprocessed_intensity_sigma040/local_flatfield/bright/1002.png,processed_plate_strategy_b_circle/counting_mask/bright/1002.png,634,974,120,120,616,956,156,156,needs_review,consensus,False,3,0.10900504335394683,0.6089475490088868,0.5317307847774362,3931,0.2729861111111111,0.5837540837540838,False,0.5067780930706169,0.455078125,True,0.7845016126393998,0.15768474340438843,True,3996.0,0.2775,1.0,0.2775,0.18868037080067365,0.40444444444444444,0.0,0.5355629413166436,0.13094528019428253,True,17954.0,1.2468055555555555,0.6648657680739668,0.8289583333333334,0.23222127314619642,0.591715976331361,1.0,8.0,0.0005555555555555556,1.0,0.0005555555555555556,0.5372900106604956,0.0008333333333333334,0.0
1002,17,17,train,bright,E.coli,other,preprocessed_intensity_sigma040/local_flatfield/bright/1002.png,processed_plate_strategy_b_circle/counting_mask/bright/1002.png,213,1231,61,62,204,1222,79,80,needs_review,consensus,False,3,0.13110674525212837,0.6035823728233052,0.537320309967567,1001,0.2646747752511898,0.4010416666666667,False,0.5211168388191197,0.435546875,True,0.724532099044835,0.16169770061969757,True,898.0,0.2374405076679006,1.0,0.2374405076679006,0.3983438512649874,0.3664727657324167,0.0,0.565098180605961,0.13345231115818024,True,3505.0,0.9267583289264939,0.729243937232525,0.6758328926493918,0.4192210202189574,0.6753571428571429,1.0,103.0,0.027234267583289264,1.0,0.027234267583289264,0.6310200879018675,0.09016393442622951,0.0
1002,66,66,train,bright,E.coli,other,preprocessed_intensity_sigma040/local_flatfield/bright/1002.png,processed_plate_strategy_b_circle/counting_mask/bright/1002.png,1238,1817,120,120,1220,1799,156,156,needs_review,consensus,False,3,0.1936200160189574,0.5497734489640288,0.5376763851922466,2697,0.18729166666666666,0.31521739130434784,False,0.40818579025181123,0.498046875,True,0.5714718477865455,0.21127824485301971,True,2760.0,0.19166666666666668,0.936231884057971,0.17944444444444443,0.09867005369422327,0.4843304843304843,1.0,0.6696627088537296,0.1764112114906311,True,5604.0,0.38916666666666666,0.826017130620985,0.32145833333333335,0.10309888452320055,0.6284319707138499,1.0,131.0,0.009097222222222222,0.8396946564885496,0.007638888888888889,0.918443959898297,0.027710926218799423,0.0
1000,3,3,validation,bright,B.subtilis,other,preprocessed_intensity_sigma040/local_flatfield/bright/1000.png,processed_plate_strategy_b_circle/counting_mask/bright/1000.png,1079,1684,151,151,1056,1661,197,197,needs_review,consensus,False,3,0.13474154216039844,0.6023869461900229,0.5381143182321486,7846,0.3441077145739222,0.6090669150752989,False,0.42231342106260794,0.416015625,True,0.8578447917702827,0.095283642411232,True,7508.0,0.32928380334195867,1.0,0.32928380334195867,0.029379584143911928,0.5649752203850709,0.0,0.5270026257371779,0.07731892168521881,True,28792.0,1.2627516337002762,0.666851903306474,0.8420683303363887,0.3257721667422373,0.6367738130345031,1.0,16.0,0.0007017236086136573,1.0,0.0007017236086136573,1.154067333022091,0.0010522162304353545,0.0
1002,106,106,train,bright,E.coli,other,preprocessed_intensity_sigma040/local_flatfield/bright/1002.png,processed_plate_strategy_b_circle/counting_mask/bright/1002.png,1073,1052,42,43,1067,1046,54,55,needs_review,consensus,False,3,0.23941798941798942,0.5127953275257252,0.5389144273065863,543,0.30066445182724255,0.6040044493882091,False,0.2714324522551883,0.33126533031463623,True,0.5967285791594816,0.1473017781972885,True,637.0,0.35271317829457366,0.8681318681318682,0.3062015503875969,0.4556758441624566,0.4380664652567976,1.0,0.6702249511625055,0.1212858334183693,True,853.0,0.47231450719822815,0.88042203985932,0.4158361018826135,0.4532851028338996,0.5269461077844312,1.0,245.0,0.13565891472868216,0.6979591836734694,0.0946843853820598,1.1108202734538573,0.13450292397660818,1.0
1002,138,138,train,bright,E.coli,other,preprocessed_intensity_sigma040/local_flatfield/bright/1002.png,processed_plate_strategy_b_circle/counting_mask/bright/1002.png,1183,88,84,70,1170,75,110,96,needs_review,consensus,False,3,0.1948925270853027,0.5534983152536779,0.5396117105813272,2153,0.36615646258503404,0.5205512572533849,False,0.46324858975939676,0.3638327419757843,True,0.6273666814204798,0.23861001431941986,True,2668.0,0.45374149659863944,0.808095952023988,0.36666666666666664,0.49811007278590463,0.44575471698113206,1.0,0.5698796745811572,0.19601930677890778,True,4982.0,0.8472789115646259,0.7537133681252509,0.6386054421768708,0.4389889006347384,0.5759892086330936,1.0,14.0,0.002380952380952381,1.0,0.002380952380952381,0.8662952807998129,0.004251700680272109,0.0
1002,148,148,train,bright,E.coli,other,preprocessed_intensity_sigma040/local_flatfield/bright/1002.png,processed_plate_strategy_b_circle/counting_mask/bright/1002.png,1407,332,103,102,1392,317,133,132,needs_review,consensus,False,3,0.1651499831479609,0.5899918923182713,0.5437992510290949,2940,0.27984009137635635,0.7193540494250061,False,0.43191812995817375,0.392578125,True,0.7932068819363373,0.14694513380527496,True,2940.0,0.27984009137635635,1.0,0.27984009137635635,0.12563318533303883,0.38901580049495527,0.0,0.5448506650603031,0.1197805106639862,True,8879.0,0.8451361126975062,0.6695573825881292,0.5658671235484485,0.4634146716433918,0.642634450506625,1.0,8.0,0.0007614696363982486,1.0,0.0007614696363982486,1.0841187490600142,0.0007608902415826517,0.0
1002,1_02,1,train,bright,E.coli,other,preprocessed_intensity_sigma040/local_flatfield/bright/1002.png,processed_plate_strategy_b_circle/counting_mask/bright/1002.png,609,150,116,112,592,133,150,146,needs_review,consensus,False,3,0.1808679261448828,0.5860338487069815,0.5477173136335016,4222,0.3249692118226601,0.413921568627451,False,0.46595977681756123,0.447265625,True,0.6367516230040958,0.23360858857631683,True,4559.0,0.3509082512315271,0.9135775389339768,0.32058189655172414,0.3936285873124913,0.5721973094170404,1.0,0.6553901462992872,0.19352270662784576,True,9441.0,0.7266779556650246,0.8240652473254951,0.5988300492610837,0.1880188595423039,0.6714211886304909,1.0,14.0,0.0010775862068965517,1.0,0.0010775862068965517,0.8383243544632647,0.0019242610837438424,0.0
1008,66_02,66,test,bright,P.aeruginosa,other,preprocessed_intensity_sigma040/local_flatfield/bright/1008.png,processed_plate_strategy_b_circle/counting_mask/bright/1008.png,1286,214,96,94,1272,200,124,122,needs_review,consensus,False,3,0.22441518052205076,0.5524293848925925,0.5495170671397548,1386,0.1535904255319149,0.25666666666666665,False,0.4778646020430503,0.474609375,True,0.5590847464391403,0.14823804795742035,True,1473.0,0.16323138297872342,0.9416157501697217,0.15370124113475178,0.09327279760700626,0.5229151014274981,1.0,0.620338806195587,0.1251356601715088,True,2190.0,0.24268617021276595,0.958904109589041,0.2327127659574468,0.10730533420212283,0.5531598513011152,1.0,10.0,0.0011081560283687944,1.0,0.0011081560283687944,0.7518838570820071,0.002216312056737589,0.0
1002,130,130,train,bright,E.coli,other,preprocessed_intensity_sigma040/local_flatfield/bright/1002.png,processed_plate_strategy_b_circle/counting_mask/bright/1002.png,1784,650,145,145,1762,628,189,189,needs_review,consensus,False,3,0.16787767536392054,0.6023104471194253,0.5496813652251423,4784,0.22753864447086802,0.348993288590604,False,0.4888004510936388,0.458984375,True,0.6033319901616051,0.20155490934848785,True,4956.0,0.23571938168846612,0.9564164648910412,0.22544589774078477,0.17798615414010066,0.5368873671218697,1.0,0.7147989001030322,0.1673855483531952,True,11120.0,0.5288941736028537,0.8536870503597123,0.4515101070154578,0.08372606398557272,0.674989420228523,1.0,12.0,0.0005707491082045184,1.0,0.0005707491082045184,0.6685387903104962,0.0009512485136741974,0.0
1002,86,86,train,bright,E.coli,other,preprocessed_intensity_sigma040/local_flatfield/bright/1002.png,processed_plate_strategy_b_circle/counting_mask/bright/1002.png,1157,1103,47,47,1150,1096,61,61,needs_review,consensus,False,3,0.19051603905160389,0.5845529937625028,0.5505018111730625,683,0.3091896785875962,0.3891737891737892,False,0.3412301444788389,0.2953125238418579,True,0.7136140358929615,0.14320839941501617,True,409.0,0.18515165233137165,1.0,0.18515165233137165,0.20724432597309406,0.3531009506564056,0.0,0.6988148009157082,0.11838158220052719,True,1278.0,0.5785423268447262,0.931924882629108,0.5391579900407424,0.3109355337263987,0.5903954802259888,1.0,352.0,0.1593481213218651,0.7897727272727273,0.12584880036215482,0.9722089319048892,0.150138285262742,1.0
1002,2_02,2,train,bright,E.coli,other,preprocessed_intensity_sigma040/local_flatfield/bright/1002.png,processed_plate_strategy_b_circle/counting_mask/bright/1002.png,659,131,109,109,643,115,141,141,needs_review,consensus,False,3,0.18117864720776874,0.5981941811958188,0.5526901990010467,3939,0.33153774934769803,0.4303507046869879,False,0.48983488904086003,0.439453125,True,0.6594209063010829,0.24241849780082703,True,4322.0,0.36377409308980724,0.8986580286904211,0.3269085093847319,0.28957248774686095,0.6345455790699267,1.0,0.6453267482455137,0.2008131444454193,True,8666.0,0.7293998821648009,0.8376413570274637,0.610975507112196,0.2716967528537851,0.6440084896460735,1.0,18.0,0.001515023987879808,1.0,0.001515023987879808,0.6672244359988985,0.003030047975759616,0.0
1008,64_02,64,test,bright,P.aeruginosa,other,preprocessed_intensity_sigma040/local_flatfield/bright/1008.png,processed_plate_strategy_b_circle/counting_mask/bright/1008.png,1338,333,96,94,1324,319,124,122,needs_review,consensus,False,3,0.224,0.5611637927918464,0.5528655171167386,503,0.055740248226950354,0.5821759259259259,False,0.4692242164283274,0.517578125,True,0.6130376828223323,0.2948491871356964,True,673.0,0.07457890070921985,1.0,0.07457890070921985,0.2302071131215706,0.1356382978723404,0.0,0.6012294791248792,0.2570957839488983,True,581.0,0.06438386524822695,1.0,0.06438386524822695,0.24070208820404643,0.10172872340425532,0.0,48.0,0.005319148936170213,1.0,0.005319148936170213,0.8388115522944314,0.0062056737588652485,0.0
1002,151,151,train,bright,E.coli,other,preprocessed_intensity_sigma040/local_flatfield/bright/1002.png,processed_plate_strategy_b_circle/counting_mask/bright/1002.png,1518,255,104,91,1502,239,136,123,needs_review,consensus,False,3,0.17174716014411504,0.6075795456273259,0.5531433243013706,2328,0.2459847844463229,0.25064599483204136,False,0.5977527662596054,0.345703125,True,0.6423829917491732,0.22798007726669312,True,2464.0,0.2603550295857988,0.9326298701298701,0.24281487743026203,0.022849402618290722,0.6443355119825708,1.0,0.5826028788731991,0.18716466426849365,True,7987.0,0.8439349112426036,0.7599849755853262,0.6413778529163144,0.3573726714898363,0.5657580105212817,1.0,220.0,0.02324598478444632,1.0,0.02324598478444632,0.12055103388257578,0.18374894336432798,0.0
1008,97_01,97,test,bright,P.aeruginosa,other,preprocessed_intensity_sigma040/local_flatfield/bright/1008.png,processed_plate_strategy_b_circle/counting_mask/bright/1008.png,931,81,95,94,917,67,123,122,needs_review,consensus,False,3,0.20454545454545456,0.5934251172998372,0.558960956010844,645,0.07222844344904815,0.5193236714975845,False,0.46686392915426317,0.373046875,True,0.6694557780943001,0.15856769680976868,True,995.0,0.11142217245240761,1.0,0.11142217245240761,0.024236523292373975,0.16517357222844345,0.0,0.6439556446509479,0.13221542537212372,True,691.0,0.07737961926091826,1.0,0.07737961926091826,0.03448003343680347,0.15722284434490483,0.0,20.0,0.0022396416573348264,1.0,0.0022396416573348264,0.8380876738975864,0.0026875699888017916,0.0
1002,36,36,train,bright,E.coli,other,preprocessed_intensity_sigma040/local_flatfield/bright/1002.png,processed_plate_strategy_b_circle/counting_mask/bright/1002.png,596,921,132,133,576,901,172,173,needs_review,consensus,False,3,0.16094142241712364,0.632058123079442,0.5591527470777701,4394,0.2502848029163819,0.5457707117128308,False,0.47446444735380783,0.447265625,True,0.7725950164127359,0.1280093938112259,True,4394.0,0.2502848029163819,1.0,0.2502848029163819,0.11710475675625458,0.3734905445431761,0.0,0.6491149054717822,0.10476699471473694,True,10589.0,0.603155616313511,0.8562659363490415,0.5164616085668717,0.41753442964145104,0.5603112840466926,1.0,33.0,0.0018796992481203006,1.0,0.0018796992481203006,0.7815277897906772,0.0035885167464114833,0.0
1004,1_04,1,train,bright,P.aeruginosa,other,preprocessed_intensity_sigma040/local_flatfield/bright/1004.png,processed_plate_strategy_b_circle/counting_mask/bright/1004.png,1587,1596,63,63,1578,1587,81,81,needs_review,consensus,False,3,0.1769557358594556,0.6214047592518502,0.5604964112515496,1091,0.2748803224993701,0.24303853865003341,False,0.5220342321500097,0.384765625,True,0.6299012192134062,0.1994548887014389,True,1267.0,0.31922398589065254,0.8642462509865825,0.2758881330309902,0.1642580061534663,0.6049382716049383,1.0,0.7122788263921349,0.16770581901073456,True,2449.0,0.6170319979843789,0.8999591670069416,0.5553036029226506,0.07335892123144529,0.6049382716049383,1.0,26.0,0.00655076845553036,1.0,0.00655076845553036,0.46564831009730995,0.014109347442680775,0.0
1008,21_02,21,test,bright,P.aeruginosa,other,preprocessed_intensity_sigma040/local_flatfield/bright/1008.png,processed_plate_strategy_b_circle/counting_mask/bright/1008.png,759,1272,186,185,731,1244,242,241,needs_review,consensus,False,3,0.2730015082956259,0.542165941722128,0.5624169045923202,181,0.005260098808485905,0.2900641025641026,False,0.5145674590199926,0.494140625,True,0.5965204114517794,0.1069934293627739,True,11845.0,0.34423132810229584,0.8644997889404812,0.2975879104911363,0.48407944746899684,0.5456572182537877,1.0,0.5154099546946117,0.08802806586027145,True,221.0,0.0064225515838419065,1.0,0.0064225515838419065,0.5173259883350421,0.01961639058413252,0.0,181.0,0.005260098808485905,1.0,0.005260098808485905,0.516586967722728,0.018134263295553617,0.0
1008,57_02,57,test,bright,P.aeruginosa,other,preprocessed_intensity_sigma040/local_flatfield/bright/1008.png,processed_plate_strategy_b_circle/counting_mask/bright/1008.png,975,873,87,86,962,860,113,112,needs_review,consensus,False,3,0.2135699030721209,0.5946432520484474,0.5626067668946213,1299,0.17361668003207698,0.672360248447205,False,0.4604693245212505,0.439453125,True,0.7102565224483142,0.16105450689792633,True,1342.0,0.1793638064688586,1.0,0.1793638064688586,0.14232992576671571,0.27011494252873564,0.0,0.6132039091757772,0.13479724526405334,True,2259.0,0.3019246190858059,0.8813634351482957,0.2661053194333066,0.2011711313881708,0.5307552870090635,1.0,43.0,0.005747126436781609,1.0,0.005747126436781609,0.9050356098110192,0.006549051055867415,0.0
1002,15,15,train,bright,E.coli,other,preprocessed_intensity_sigma040/local_flatfield/bright/1002.png,processed_plate_strategy_b_circle/counting_mask/bright/1002.png,141,1313,90,91,127,1299,118,119,needs_review,consensus,False,3,0.15688982946764576,0.6445776179025856,0.5627424874747102,1453,0.17741147741147742,0.3731381612737545,False,0.5182487379289218,0.462890625,True,0.7084241182374003,0.22746635973453522,True,1288.0,0.15726495726495726,1.0,0.15726495726495726,0.10271627143886812,0.3487179487179487,0.0,0.7070599975414348,0.1910843402147293,True,3227.0,0.394017094017094,0.9451502943910753,0.3724053724053724,0.20493860951447979,0.5931876606683805,1.0,202.0,0.024664224664224663,1.0,0.024664224664224663,0.6219734812499196,0.06666666666666667,0.0
1002,137,137,train,bright,E.coli,other,preprocessed_intensity_sigma040/local_flatfield/bright/1002.png,processed_plate_strategy_b_circle/counting_mask/bright/1002.png,1184,118,88,78,1171,105,114,104,needs_review,consensus,False,3,0.22705085813257755,0.5875803841043769,0.5644999539881529,2884,0.4201631701631702,0.4543163201008192,False,0.4803037680137438,0.4776347875595093,True,0.6846687255701223,0.23036372661590576,True,3443.0,0.5016025641025641,0.8425791460935231,0.42263986013986016,0.2977306216681465,0.6816495745145101,1.0,0.5977686587292643,0.18976987898349762,True,5373.0,0.7827797202797203,0.7880141447980644,0.6168414918414918,0.42175659040863983,0.6270987895353377,1.0,18.0,0.0026223776223776225,1.0,0.0026223776223776225,0.7437573685283789,0.005099067599067599,0.0
1002,80,80,train,bright,E.coli,other,preprocessed_intensity_sigma040/local_flatfield/bright/1002.png,processed_plate_strategy_b_circle/counting_mask/bright/1002.png,1245,1078,102,105,1229,1062,134,137,needs_review,consensus,False,3,0.16968335817689673,0.6411821435500894,0.5658620327819497,1178,0.1099906629318394,0.5021312872975278,False,0.54701093360041,0.431640625,True,0.629725862382015,0.23188523948192596,True,1161.0,0.10840336134453782,1.0,0.10840336134453782,0.318951534510225,0.1927170868347339,0.0,0.7468096346678434,0.19755524396896362,True,2292.0,0.21400560224089635,1.0,0.21400560224089635,0.09600727081567516,0.33501400560224087,0.0,43.0,0.004014939309056956,1.0,0.004014939309056956,0.2649400954866015,0.005975723622782446,0.0
1002,120,120,train,bright,E.coli,other,preprocessed_intensity_sigma040/local_flatfield/bright/1002.png,processed_plate_strategy_b_circle/counting_mask/bright/1002.png,1237,891,109,110,1221,875,141,142,needs_review,consensus,False,3,0.2178798241328774,0.6069140766879051,0.5690235691216692,4013,0.3346955796497081,0.7543233082706767,False,0.3901945411621925,0.478515625,True,0.8606084955496958,0.15003086626529694,True,4144.0,0.3456213511259383,1.0,0.3456213511259383,0.020824073269258087,0.4690575479566305,0.0,0.569939193351827,0.12489693611860275,True,8273.0,0.6899916597164304,0.7239211894113381,0.49949958298582153,0.5142009518340868,0.5400871747457403,1.0,242.0,0.02018348623853211,0.8016528925619835,0.016180150125104254,0.9978009903993912,0.016201620162016202,0.0
1008,67_02,67,test,bright,P.aeruginosa,other,preprocessed_intensity_sigma040/local_flatfield/bright/1008.png,processed_plate_strategy_b_circle/counting_mask/bright/1008.png,1184,501,78,78,1172,489,102,102,needs_review,consensus,False,3,0.14154242591570035,0.6746879037707179,0.5694150105787823,769,0.12639710716633792,0.3627358490566038,False,0.5552626351356095,0.439453125,True,0.628491060817569,0.15930373966693878,True,625.0,0.1027284681130835,1.0,0.1027284681130835,0.3221063353238379,0.2235371466140697,0.0,0.8403100153589751,0.13306383788585663,True,1811.0,0.2976660092044707,1.0,0.2976660092044707,0.06749127853919461,0.6583011583011583,0.0,144.0,0.023668639053254437,1.0,0.023668639053254437,0.34536196287473053,0.06426692965154504,0.0
1008,28_02,28,test,bright,P.aeruginosa,other,preprocessed_intensity_sigma040/local_flatfield/bright/1008.png,processed_plate_strategy_b_circle/counting_mask/bright/1008.png,835,1099,78,78,823,1087,102,102,needs_review,consensus,False,3,0.2753151687677918,0.5866193971021052,0.5810080679095693,2031,0.3338264299802761,0.6082659478885895,False,0.4081274268307314,0.525390625,True,0.757125120358936,0.14775350689888,True,2357.0,0.3874095989480605,0.8782350445481545,0.34023668639053256,0.593856401549504,0.4612952014299464,0.0,0.5946056441166482,0.1235051229596138,True,3013.0,0.49523339907955294,0.8038499834052439,0.3980933596318212,0.6501951938307504,0.43191377497371186,1.0,187.0,0.030736357659434582,0.8181818181818182,0.02514792899408284,0.9952467933827879,0.06740491092922485,0.0
1008,70_02,70,test,bright,P.aeruginosa,other,preprocessed_intensity_sigma040/local_flatfield/bright/1008.png,processed_plate_strategy_b_circle/counting_mask/bright/1008.png,1101,671,95,94,1087,657,123,122,needs_review,consensus,False,3,0.21363142464686224,0.646861864515448,0.583515744432581,71,0.007950727883538634,0.7888888888888889,False,0.5618021981362818,0.458984375,True,0.5638013587572804,0.16734744608402252,True,71.0,0.007950727883538634,1.0,0.007950727883538634,0.1651439381498794,0.010078387458006719,0.0,0.8149820366527817,0.14188598096370697,True,2302.0,0.2577827547592385,0.9956559513466551,0.2566629339305711,0.04030971150803078,0.6581798483206934,0.0,42.0,0.0047032474804031355,1.0,0.0047032474804031355,0.16073759578757135,0.006270996640537514,0.0
1008,100_01,100,test,bright,P.aeruginosa,other,preprocessed_intensity_sigma040/local_flatfield/bright/1008.png,processed_plate_strategy_b_circle/counting_mask/bright/1008.png,775,102,105,105,759,86,137,137,needs_review,consensus,False,3,0.26940278873980533,0.5981507702806138,0.5835512841711774,1024,0.09287981859410431,0.6117084826762246,False,0.4921825654346578,0.361328125,True,0.6571429422615477,0.15722651779651642,True,1215.0,0.11020408163265306,1.0,0.11020408163265306,0.1351184269619301,0.20244897959183675,0.0,0.6451268031456361,0.1310844123363495,True,1076.0,0.09759637188208617,1.0,0.09759637188208617,0.12290953541110022,0.15183673469387754,0.0,65.0,0.0058956916099773245,1.0,0.0058956916099773245,0.6870212334469484,0.0236734693877551,0.0
1008,61_02,61,test,bright,P.aeruginosa,other,preprocessed_intensity_sigma040/local_flatfield/bright/1008.png,processed_plate_strategy_b_circle/counting_mask/bright/1008.png,1482,324,115,115,1465,307,149,149,needs_review,consensus,False,3,0.29696969696969694,0.5755893782411249,0.5841751452358439,294,0.02223062381852552,0.328125,False,0.5756258816302469,0.408203125,True,0.5736681303711526,0.18347133696079254,True,294.0,0.02223062381852552,1.0,0.02223062381852552,0.20651854895693256,0.06775047258979205,0.0,0.5774741227219752,0.15435445308685303,True,330.0,0.02495274102079395,1.0,0.02495274102079395,0.19389569594201428,0.06986767485822307,0.0,183.0,0.01383742911153119,1.0,0.01383742911153119,0.25643567591471567,0.21323251417769376,0.0
1002,21,21,train,bright,E.coli,other,preprocessed_intensity_sigma040/local_flatfield/bright/1002.png,processed_plate_strategy_b_circle/counting_mask/bright/1002.png,260,1235,61,62,251,1226,79,80,needs_review,consensus,False,3,0.28312289562289567,0.5888079057571374,0.5846161757708684,1056,0.2792173453199365,0.7058823529411765,False,0.5244807940901307,0.1408701241016388,True,0.6962499784803403,0.13991375267505646,True,579.0,0.15309360126916974,1.0,0.15309360126916974,0.0868288942812451,0.23373876255949233,0.0,0.545692944700941,0.11250987648963928,True,5554.0,1.4685351665785298,0.6510622974432841,0.9561078794288737,0.04955102059295291,0.5984177215189873,1.0,1089.0,0.28794288736118456,0.8558310376492194,0.2464304600740349,0.5599240231327488,0.33169894582005394,1.0
1002,41,41,train,bright,E.coli,other,preprocessed_intensity_sigma040/local_flatfield/bright/1002.png,processed_plate_strategy_b_circle/counting_mask/bright/1002.png,847,962,83,82,835,950,107,106,needs_review,consensus,False,3,0.3046053675728922,0.5850779703965091,0.5906430668091159,67,0.009844255069056715,0.8271604938271605,False,0.5554280952843801,0.349609375,True,0.5563415908567186,0.19630558788776398,True,67.0,0.009844255069056715,1.0,0.009844255069056715,0.23031736287354446,0.011901263590949163,0.0,0.6434642250484286,0.16418610513210297,True,4454.0,0.6544225683220688,0.837449483610238,0.5480458419042021,0.41157842528823085,0.6765062231523296,1.0,59.0,0.008668821627975316,1.0,0.008668821627975316,0.23111198452607992,0.011901263590949163,0.0
1008,30_02,30,test,bright,P.aeruginosa,other,preprocessed_intensity_sigma040/local_flatfield/bright/1008.png,processed_plate_strategy_b_circle/counting_mask/bright/1008.png,895,1012,95,95,881,998,123,123,needs_review,consensus,False,3,0.21756412552484428,0.6707605336396575,0.5944516573895585,1571,0.1740720221606648,0.4514367816091954,False,0.5186889505135457,0.490234375,True,0.6977515764816747,0.1404237300157547,True,1477.0,0.16365650969529086,1.0,0.16365650969529086,0.15206778241935726,0.2659279778393352,0.0,0.7958410739237524,0.11698330193758011,True,2393.0,0.2651523545706371,1.0,0.2651523545706371,0.05995718418234439,0.42581717451523543,0.0,109.0,0.012077562326869806,1.0,0.012077562326869806,0.5231713599281932,0.021717451523545706,0.0
1008,56_02,56,test,bright,P.aeruginosa,other,preprocessed_intensity_sigma040/local_flatfield/bright/1008.png,processed_plate_strategy_b_circle/counting_mask/bright/1008.png,1018,911,79,78,1006,899,103,102,needs_review,consensus,False,3,0.28499613302397525,0.6149348711770437,0.5957225950292089,737,0.1196040246673158,0.3499525166191833,False,0.6164100464402322,0.478515625,True,0.6357185530201318,0.24422980844974518,True,862.0,0.13988964621876016,1.0,0.13988964621876016,0.5652205912256925,0.3748782862706913,0.0,0.5926760140707673,0.20928072929382324,True,567.0,0.09201557935735151,0.9911816578483245,0.09120415449529373,0.5870660074331232,0.3340134986658295,0.0,732.0,0.11879259980525804,1.0,0.11879259980525804,0.5765820063460786,0.34177215189873417,0.0
1002,22,22,train,bright,E.coli,other,preprocessed_intensity_sigma040/local_flatfield/bright/1002.png,processed_plate_strategy_b_circle/counting_mask/bright/1002.png,257,1199,74,74,246,1188,96,96,needs_review,consensus,False,3,0.28628490645712085,0.6168866953230473,0.5969543953892111,2325,0.4245799853907962,0.4957356076759062,False,0.6052185993892812,0.12969517707824707,True,0.6962860088632532,0.13043004274368286,True,993.0,0.18133674214755297,1.0,0.18133674214755297,0.2863818711930679,0.31446311176040903,0.0,0.5491554777166072,0.10498777776956558,True,7988.0,1.4587289992695398,0.6614922383575363,0.9649379108838568,0.0500779447452965,0.5941840277777778,1.0,2522.0,0.4605551497443389,0.7969865186360032,0.36705624543462384,0.6155031164074579,0.45145203872103257,1.0
1002,38,38,train,bright,E.coli,other,preprocessed_intensity_sigma040/local_flatfield/bright/1002.png,processed_plate_strategy_b_circle/counting_mask/bright/1002.png,741,895,132,132,721,875,172,172,needs_review,consensus,False,3,0.23342855423885378,0.712119605708665,0.6165478362670648,4223,0.24236685032139577,0.4606741573033708,False,0.5035756526780084,0.408203125,True,0.7577090537904684,0.15088656544685364,True,3909.0,0.2243457300275482,1.0,0.2243457300275482,0.14416390829563794,0.4392791551882461,0.0,0.8750741106575182,0.12545053660869598,True,5981.0,0.3432621671258035,1.0,0.3432621671258035,0.009579484886709502,0.6144398530762167,0.0,318.0,0.01825068870523416,1.0,0.01825068870523416,0.6728266404278339,0.033574380165289255,0.0
1002,60,60,train,bright,E.coli,other,preprocessed_intensity_sigma040/local_flatfield/bright/1002.png,processed_plate_strategy_b_circle/counting_mask/bright/1002.png,960,1732,145,145,938,1710,189,189,needs_review,consensus,False,3,0.27347210788349213,0.7372737676066702,0.6406247448018904,6976,0.33179548156956007,0.7751111111111111,False,0.4704485927504497,0.498046875,True,0.8363364861535927,0.1519775092601776,True,6912.0,0.3287514863258026,1.0,0.3287514863258026,0.08372164339798877,0.4280618311533888,0.0,0.905036223915968,0.12667228281497955,True,8494.0,0.4039952437574316,1.0,0.4039952437574316,0.03210917176700187,0.5292746730083234,0.0,14.0,0.0006658739595719382,1.0,0.0006658739595719382,0.8027598056633036,0.0008561236623067776,0.0
1002,98,98,train,bright,E.coli,other,preprocessed_intensity_sigma040/local_flatfield/bright/1002.png,processed_plate_strategy_b_circle/counting_mask/bright/1002.png,953,1130,43,43,947,1124,55,55,needs_review,consensus,False,3,0.6565652568784176,0.5885907748709971,0.715234149855845,1796,0.971335857220119,0.813037573562698,False,0.5654323317429107,0.11753217875957489,True,0.6283308915239306,0.131720632314682,True,1267.0,0.685235262303948,0.824782951854775,0.5651703623580314,0.4238138074272312,0.6468597216998871,1.0,0.5720091013461499,0.10629797726869583,True,2555.0,1.3818280151433207,0.7702544031311155,1.0643591130340724,0.19054931962835894,0.6112396694214876,1.0,2318.0,1.253650621957815,0.7635893011216566,0.9572742022714981,0.2705378526490312,0.6112396694214876,1.0
1008,75_01,75,test,bright,P.aeruginosa,other,preprocessed_intensity_sigma040/local_flatfield/bright/1008.png,processed_plate_strategy_b_circle/counting_mask/bright/1008.png,1358,815,169,167,1333,790,219,217,needs_review,consensus,False,3,0.7473750531909147,0.5401419577416627,0.7276380517134853,26919,0.9537965489140063,0.9099482811073928,True,0.5446027531646981,0.09767156839370728,True,0.569292358838389,0.10518714040517807,True,29196.0,1.0344754278425399,0.6439923277161255,0.666194238741452,0.04414181681073574,0.5938808576899607,1.0,0.5065307612219013,0.08438466489315033,True,47449.0,1.6812174467632781,0.6232165061434383,1.047762463239202,0.008027794403845143,0.5938808576899607,1.0,38176.0,1.3526556354746129,0.672883487007544,0.9101796407185628,0.14657343625881156,0.5938808576899607,1.0
