image_id,split,background,source_image,source_counting_mask,auto_binary_mask,auto_instance_mask,auto_valid_region,auto_weight_map,auto_overlay,height,width,n_annotations,n_accepted_high,n_accepted_medium,n_ignored,foreground_pixels,valid_training_pixels
1000,validation,bright,/Users/ameliacitra/Documents/AI-ML/Bacteria-2/preprocessed_intensity_sigma040/local_flatfield/bright/1000.png,/Users/ameliacitra/Documents/AI-ML/Bacteria-2/processed_plate_strategy_b_circle/counting_mask/bright/1000.png,/Users/ameliacitra/Documents/AI-ML/Bacteria-2/pixel_ground_truth_workspace/auto_pseudolabels/binary/validation/bright/1000.png,/Users/ameliacitra/Documents/AI-ML/Bacteria-2/pixel_ground_truth_workspace/auto_pseudolabels/instance/validation/bright/1000.png,/Users/ameliacitra/Documents/AI-ML/Bacteria-2/pixel_ground_truth_workspace/auto_pseudolabels/valid_regions/validation/bright/1000.png,/Users/ameliacitra/Documents/AI-ML/Bacteria-2/pixel_ground_truth_workspace/auto_pseudolabels/weights/validation/bright/1000.png,/Users/ameliacitra/Documents/AI-ML/Bacteria-2/pixel_ground_truth_workspace/auto_pseudolabels/overlays/validation/bright/1000.png,2048,2048,4,2,2,0,26323,3052569
1001,train,bright,/Users/ameliacitra/Documents/AI-ML/Bacteria-2/preprocessed_intensity_sigma040/local_flatfield/bright/1001.png,/Users/ameliacitra/Documents/AI-ML/Bacteria-2/processed_plate_strategy_b_circle/counting_mask/bright/1001.png,/Users/ameliacitra/Documents/AI-ML/Bacteria-2/pixel_ground_truth_workspace/auto_pseudolabels/binary/train/bright/1001.png,/Users/ameliacitra/Documents/AI-ML/Bacteria-2/pixel_ground_truth_workspace/auto_pseudolabels/instance/train/bright/1001.png,/Users/ameliacitra/Documents/AI-ML/Bacteria-2/pixel_ground_truth_workspace/auto_pseudolabels/valid_regions/train/bright/1001.png,/Users/ameliacitra/Documents/AI-ML/Bacteria-2/pixel_ground_truth_workspace/auto_pseudolabels/weights/train/bright/1001.png,/Users/ameliacitra/Documents/AI-ML/Bacteria-2/pixel_ground_truth_workspace/auto_pseudolabels/overlays/train/bright/1001.png,2048,2048,3,2,1,0,12243,3052569
1002,train,bright,/Users/ameliacitra/Documents/AI-ML/Bacteria-2/preprocessed_intensity_sigma040/local_flatfield/bright/1002.png,/Users/ameliacitra/Documents/AI-ML/Bacteria-2/processed_plate_strategy_b_circle/counting_mask/bright/1002.png,/Users/ameliacitra/Documents/AI-ML/Bacteria-2/pixel_ground_truth_workspace/auto_pseudolabels/binary/train/bright/1002.png,/Users/ameliacitra/Documents/AI-ML/Bacteria-2/pixel_ground_truth_workspace/auto_pseudolabels/instance/train/bright/1002.png,/Users/ameliacitra/Documents/AI-ML/Bacteria-2/pixel_ground_truth_workspace/auto_pseudolabels/valid_regions/train/bright/1002.png,/Users/ameliacitra/Documents/AI-ML/Bacteria-2/pixel_ground_truth_workspace/auto_pseudolabels/weights/train/bright/1002.png,/Users/ameliacitra/Documents/AI-ML/Bacteria-2/pixel_ground_truth_workspace/auto_pseudolabels/overlays/train/bright/1002.png,2048,2048,151,99,49,3,384052,3042518
1003,test,bright,/Users/ameliacitra/Documents/AI-ML/Bacteria-2/preprocessed_intensity_sigma040/local_flatfield/bright/1003.png,/Users/ameliacitra/Documents/AI-ML/Bacteria-2/processed_plate_strategy_b_circle/counting_mask/bright/1003.png,/Users/ameliacitra/Documents/AI-ML/Bacteria-2/pixel_ground_truth_workspace/auto_pseudolabels/binary/test/bright/1003.png,/Users/ameliacitra/Documents/AI-ML/Bacteria-2/pixel_ground_truth_workspace/auto_pseudolabels/instance/test/bright/1003.png,/Users/ameliacitra/Documents/AI-ML/Bacteria-2/pixel_ground_truth_workspace/auto_pseudolabels/valid_regions/test/bright/1003.png,/Users/ameliacitra/Documents/AI-ML/Bacteria-2/pixel_ground_truth_workspace/auto_pseudolabels/weights/test/bright/1003.png,/Users/ameliacitra/Documents/AI-ML/Bacteria-2/pixel_ground_truth_workspace/auto_pseudolabels/overlays/test/bright/1003.png,2048,2048,2,2,0,0,9721,3052569
1004,train,bright,/Users/ameliacitra/Documents/AI-ML/Bacteria-2/preprocessed_intensity_sigma040/local_flatfield/bright/1004.png,/Users/ameliacitra/Documents/AI-ML/Bacteria-2/processed_plate_strategy_b_circle/counting_mask/bright/1004.png,/Users/ameliacitra/Documents/AI-ML/Bacteria-2/pixel_ground_truth_workspace/auto_pseudolabels/binary/train/bright/1004.png,/Users/ameliacitra/Documents/AI-ML/Bacteria-2/pixel_ground_truth_workspace/auto_pseudolabels/instance/train/bright/1004.png,/Users/ameliacitra/Documents/AI-ML/Bacteria-2/pixel_ground_truth_workspace/auto_pseudolabels/valid_regions/train/bright/1004.png,/Users/ameliacitra/Documents/AI-ML/Bacteria-2/pixel_ground_truth_workspace/auto_pseudolabels/weights/train/bright/1004.png,/Users/ameliacitra/Documents/AI-ML/Bacteria-2/pixel_ground_truth_workspace/auto_pseudolabels/overlays/train/bright/1004.png,2048,2048,1,0,1,0,1091,3052569
1005,train,bright,/Users/ameliacitra/Documents/AI-ML/Bacteria-2/preprocessed_intensity_sigma040/local_flatfield/bright/1005.png,/Users/ameliacitra/Documents/AI-ML/Bacteria-2/processed_plate_strategy_b_circle/counting_mask/bright/1005.png,/Users/ameliacitra/Documents/AI-ML/Bacteria-2/pixel_ground_truth_workspace/auto_pseudolabels/binary/train/bright/1005.png,/Users/ameliacitra/Documents/AI-ML/Bacteria-2/pixel_ground_truth_workspace/auto_pseudolabels/instance/train/bright/1005.png,/Users/ameliacitra/Documents/AI-ML/Bacteria-2/pixel_ground_truth_workspace/auto_pseudolabels/valid_regions/train/bright/1005.png,/Users/ameliacitra/Documents/AI-ML/Bacteria-2/pixel_ground_truth_workspace/auto_pseudolabels/weights/train/bright/1005.png,/Users/ameliacitra/Documents/AI-ML/Bacteria-2/pixel_ground_truth_workspace/auto_pseudolabels/overlays/train/bright/1005.png,2048,2048,73,73,0,0,38578,3052569
1006,train,bright,/Users/ameliacitra/Documents/AI-ML/Bacteria-2/preprocessed_intensity_sigma040/local_flatfield/bright/1006.png,/Users/ameliacitra/Documents/AI-ML/Bacteria-2/processed_plate_strategy_b_circle/counting_mask/bright/1006.png,/Users/ameliacitra/Documents/AI-ML/Bacteria-2/pixel_ground_truth_workspace/auto_pseudolabels/binary/train/bright/1006.png,/Users/ameliacitra/Documents/AI-ML/Bacteria-2/pixel_ground_truth_workspace/auto_pseudolabels/instance/train/bright/1006.png,/Users/ameliacitra/Documents/AI-ML/Bacteria-2/pixel_ground_truth_workspace/auto_pseudolabels/valid_regions/train/bright/1006.png,/Users/ameliacitra/Documents/AI-ML/Bacteria-2/pixel_ground_truth_workspace/auto_pseudolabels/weights/train/bright/1006.png,/Users/ameliacitra/Documents/AI-ML/Bacteria-2/pixel_ground_truth_workspace/auto_pseudolabels/overlays/train/bright/1006.png,2048,2048,4,4,0,0,30221,3052569
1007,train,bright,/Users/ameliacitra/Documents/AI-ML/Bacteria-2/preprocessed_intensity_sigma040/local_flatfield/bright/1007.png,/Users/ameliacitra/Documents/AI-ML/Bacteria-2/processed_plate_strategy_b_circle/counting_mask/bright/1007.png,/Users/ameliacitra/Documents/AI-ML/Bacteria-2/pixel_ground_truth_workspace/auto_pseudolabels/binary/train/bright/1007.png,/Users/ameliacitra/Documents/AI-ML/Bacteria-2/pixel_ground_truth_workspace/auto_pseudolabels/instance/train/bright/1007.png,/Users/ameliacitra/Documents/AI-ML/Bacteria-2/pixel_ground_truth_workspace/auto_pseudolabels/valid_regions/train/bright/1007.png,/Users/ameliacitra/Documents/AI-ML/Bacteria-2/pixel_ground_truth_workspace/auto_pseudolabels/weights/train/bright/1007.png,/Users/ameliacitra/Documents/AI-ML/Bacteria-2/pixel_ground_truth_workspace/auto_pseudolabels/overlays/train/bright/1007.png,2048,2048,6,6,0,0,3835,3052569
1008,test,bright,/Users/ameliacitra/Documents/AI-ML/Bacteria-2/preprocessed_intensity_sigma040/local_flatfield/bright/1008.png,/Users/ameliacitra/Documents/AI-ML/Bacteria-2/processed_plate_strategy_b_circle/counting_mask/bright/1008.png,/Users/ameliacitra/Documents/AI-ML/Bacteria-2/pixel_ground_truth_workspace/auto_pseudolabels/binary/test/bright/1008.png,/Users/ameliacitra/Documents/AI-ML/Bacteria-2/pixel_ground_truth_workspace/auto_pseudolabels/instance/test/bright/1008.png,/Users/ameliacitra/Documents/AI-ML/Bacteria-2/pixel_ground_truth_workspace/auto_pseudolabels/valid_regions/test/bright/1008.png,/Users/ameliacitra/Documents/AI-ML/Bacteria-2/pixel_ground_truth_workspace/auto_pseudolabels/weights/test/bright/1008.png,/Users/ameliacitra/Documents/AI-ML/Bacteria-2/pixel_ground_truth_workspace/auto_pseudolabels/overlays/test/bright/1008.png,2048,2048,102,62,36,4,501787,3000271
